"","C646..CHEMBL1797936.","CHIR99021","Compound.E","Etoposide","Exifone","Ginkgetin","Gossypetin","KN.62","KN.93","KU.55933","Okadaic.Acid","Olaparib","RGFP966","Rolipram","Roscovitine","SMER.3","TBB","VU0155056","bafilomycin.A1","calpain.inhibitor.II","curcumin","dexamethasone","momelotinib","niclosamide","ruxolitinib","semagacestat","sotrastaurin","staurosporine","tacrolimus","tretinoin","vorinostat"
"1",0.146778856477601,0.442213735091944,0.305493274837485,0.0803608284194588,0.231254601030996,0.310994641572911,0.417665524806886,0.3990865665789,0.251057467816434,0.0101298098736786,0.16140271788,0.522006404362863,0.498973169149143,0.246806849285021,0.286924860331044,0.102741857779005,0.3456550109647,0.0237066342754937,0.0816514385750702,0.378861698026357,0.460515992281084,0.218509302642714,0.236496251144078,0.246626091200252,0.487741418723039,0.559210354966903,0.218111396734589,0.108620324854803,0.0466524818342415,0.35325598312813,0.135724486796065
"2",0.366708798116849,0.0349305036622158,0.0454720072630894,0.707876298303683,0.0107371963048239,3.79743308378587e-10,9.70934245020287e-09,0.092185342817232,0.017459781837511,0.0105374678338539,0.657351434645132,0.0677756922865348,3.58082039109008e-16,2.22044604925031e-16,0.129131318273083,0.464643942819885,1.45704855718186e-11,0.0142871470150928,0.0812782170424452,0.0890830944135166,0.0650989343052323,0.0442736238908852,0.0608181019564729,0.697867979958872,0.326883786983333,0.0344442323127552,2.22044604925031e-16,0.328081720826855,0.0171920778901551,0.275539292675697,0.521305024056342
"3",0.20005918312118,0.239460852361294,0.185088706436615,0.171571326169091,0.488987554251939,0.203297058016941,0.196839512856104,0.263467350294799,0.00467359516416525,0.450679937995326,0.00358325789640752,0.0433886565516483,0.322765388252056,0.215644763027042,0.0624817320913457,0.573860371628939,0.0577043247120239,0.462051967166145,0.572852121799497,0.449444535645512,0.228071127362669,0.477918140154168,0.148944516266511,0.258663292895168,2.22044604925031e-16,0.282567086976344,0.525326895107279,0.0878626165647058,0.48995331224865,0.213921862479303,0.514681266087653
