"","PC3","YAPC","MFC7","NPC","A549","A375","Astrocyte"
"1",0.538549098733053,0.0766019092636,0.508704931797987,0.830056972914986,0.586139674048367,0.38840972333044,0.938017328515338
"2",0.0430180042206988,0.76872487332226,0.112430896090552,4.36852425100363e-15,1.06100623069034,0.83248919706208,2.22044604925031e-16
